model,accuracy,precision,recall,f1_score
Logistic Regression,0.622,0.5907738095238095,0.4521640091116173,0.512258064516129
Random Forest,0.629,0.6240875912408759,0.3895216400911162,0.4796633941093969
